"","TabNam","ColNam","DQLVL","abbr","cat","test_date","FRQ","UNIQFRQ","MS1_FRQ","MS2_FRQ","MSs_PERC","organization","CDM"
"1","concept","concept_id","H","cnpt","vocabulary","09-18-2018",4733057,4733057,0,0,0,"University of Washington","OMOP5"
"2","concept","concept_name","H","cnpt","vocabulary","09-18-2018",4733057,3587646,0,0,0,"University of Washington","OMOP5"
"3","concept","domain_id","H","cnpt","vocabulary","09-18-2018",4733057,32,0,0,0,"University of Washington","OMOP5"
"4","concept","vocabulary_id","H","cnpt","vocabulary","09-18-2018",4733057,56,0,0,0,"University of Washington","OMOP5"
"5","concept","concept_class_id","H","cnpt","vocabulary","09-18-2018",4733057,179,0,0,0,"University of Washington","OMOP5"
"6","concept","standard_concept","L","cnpt","vocabulary","09-18-2018",4733057,2,0,0,0,"University of Washington","OMOP5"
"7","concept","concept_code","H","cnpt","vocabulary","09-18-2018",4733057,4697725,0,0,0,"University of Washington","OMOP5"
"8","concept","valid_start_date","H","cnpt","vocabulary","09-18-2018",4733057,9520,0,0,0,"University of Washington","OMOP5"
"9","concept","valid_end_date","H","cnpt","vocabulary","09-18-2018",4733057,1304,0,0,0,"University of Washington","OMOP5"
"10","concept","invalid_reason","L","cnpt","vocabulary","09-18-2018",4733057,2,0,0,0,"University of Washington","OMOP5"
"11","vocabulary","vocabulary_id","H","vocb","vocabulary","09-18-2018",58,58,0,0,0,"University of Washington","OMOP5"
"12","vocabulary","vocabulary_name","H","vocb","vocabulary","09-18-2018",58,58,0,0,0,"University of Washington","OMOP5"
"13","vocabulary","vocabulary_reference","H","vocb","vocabulary","09-18-2018",58,26,0,0,0,"University of Washington","OMOP5"
"14","vocabulary","vocabulary_version","H","vocb","vocabulary","09-18-2018",58,28,0,0,0,"University of Washington","OMOP5"
"15","vocabulary","vocabulary_concept_id","H","vocb","vocabulary","09-18-2018",58,58,0,0,0,"University of Washington","OMOP5"
"16","domain","domain_id","H","domn","vocabulary","09-18-2018",39,39,0,0,0,"University of Washington","OMOP5"
"17","domain","domain_name","H","domn","vocabulary","09-18-2018",39,39,0,0,0,"University of Washington","OMOP5"
"18","domain","domain_concept_id","H","domn","vocabulary","09-18-2018",39,39,0,0,0,"University of Washington","OMOP5"
"19","concept_class","concept_class_id","H","cncl","vocabulary","09-18-2018",312,312,0,0,0,"University of Washington","OMOP5"
"20","concept_class","concept_class_name","H","cncl","vocabulary","09-18-2018",312,311,0,0,0,"University of Washington","OMOP5"
"21","concept_class","concept_class_concept_id","H","cncl","vocabulary","09-18-2018",312,312,0,0,0,"University of Washington","OMOP5"
"22","concept_relationship","concept_id_1","H","cnrl","vocabulary","09-18-2018",30872886,4198223,0,0,0,"University of Washington","OMOP5"
"23","concept_relationship","concept_id_2","H","cnrl","vocabulary","09-18-2018",30872886,4198223,0,0,0,"University of Washington","OMOP5"
"24","concept_relationship","relationship_id","H","cnrl","vocabulary","09-18-2018",30872886,318,0,0,0,"University of Washington","OMOP5"
"25","concept_relationship","valid_start_date","H","cnrl","vocabulary","09-18-2018",30872886,1562,0,0,0,"University of Washington","OMOP5"
"26","concept_relationship","valid_end_date","H","cnrl","vocabulary","09-18-2018",30872886,1,0,0,0,"University of Washington","OMOP5"
"27","concept_relationship","invalid_reason","L","cnrl","vocabulary","09-18-2018",30872886,0,0,0,0,"University of Washington","OMOP5"
"28","relationship","relationship_id","H","rlsh","vocabulary","09-18-2018",426,426,0,0,0,"University of Washington","OMOP5"
"29","relationship","relationship_name","H","rlsh","vocabulary","09-18-2018",426,426,0,0,0,"University of Washington","OMOP5"
"30","relationship","is_hierarchical","H","rlsh","vocabulary","09-18-2018",426,2,0,0,0,"University of Washington","OMOP5"
"31","relationship","defines_ancestry","H","rlsh","vocabulary","09-18-2018",426,2,0,0,0,"University of Washington","OMOP5"
"32","relationship","reverse_relationship_id","H","rlsh","vocabulary","09-18-2018",426,424,0,0,0,"University of Washington","OMOP5"
"33","relationship","relationship_concept_id","H","rlsh","vocabulary","09-18-2018",426,426,0,0,0,"University of Washington","OMOP5"
"34","concept_synonym","concept_id","H","cnsy","vocabulary","09-18-2018",6301515,4748315,0,0,0,"University of Washington","OMOP5"
"35","concept_synonym","concept_synonym_name","H","cnsy","vocabulary","09-18-2018",6301515,4832186,0,0,0,"University of Washington","OMOP5"
"36","concept_synonym","language_concept_id","H","cnsy","vocabulary","09-18-2018",6301515,1,0,0,0,"University of Washington","OMOP5"
"37","concept_ancestor","ancestor_concept_id","H","cnan","vocabulary","09-18-2018",122999501,2605275,0,0,0,"University of Washington","OMOP5"
"38","concept_ancestor","descendant_concept_id","H","cnan","vocabulary","09-18-2018",122999501,2605275,0,0,0,"University of Washington","OMOP5"
"39","concept_ancestor","min_levels_of_separation","H","cnan","vocabulary","09-18-2018",122999501,21,0,0,0,"University of Washington","OMOP5"
"40","concept_ancestor","max_levels_of_separation","H","cnan","vocabulary","09-18-2018",122999501,25,0,0,0,"University of Washington","OMOP5"
"82","person","person_id","X","psrn","clinical","09-18-2018",1000,1000,0,0,0,"University of Washington","OMOP5"
"83","person","gender_concept_id","Yes","psrn","clinical","09-18-2018",1000,2,0,0,0,"University of Washington","OMOP5"
"84","person","year_of_birth","Yes","psrn","clinical","09-18-2018",1000,72,0,0,0,"University of Washington","OMOP5"
"85","person","month_of_birth","No","psrn","clinical","09-18-2018",1000,12,0,0,0,"University of Washington","OMOP5"
"86","person","day_of_birth","No","psrn","clinical","09-18-2018",1000,1,0,0,0,"University of Washington","OMOP5"
"87","person","time_of_birth","No","psrn","clinical","09-18-2018",0,0,0,0,NA,"University of Washington","OMOP5"
"88","person","race_concept_id","Yes","psrn","clinical","09-18-2018",1000,3,0,0,0,"University of Washington","OMOP5"
"89","person","ethnicity_concept_id","Yes","psrn","clinical","09-18-2018",1000,3,0,0,0,"University of Washington","OMOP5"
"90","person","location_id","No","psrn","clinical","09-18-2018",1000,626,0,0,0,"University of Washington","OMOP5"
"91","person","provider_id","No","psrn","clinical","09-18-2018",1000,0,0,0,0,"University of Washington","OMOP5"
"92","person","care_site_id","No","psrn","clinical","09-18-2018",1000,0,0,0,0,"University of Washington","OMOP5"
"93","person","person_source_value","No","psrn","clinical","09-18-2018",1000,1000,0,0,0,"University of Washington","OMOP5"
"94","person","gender_source_value","No","psrn","clinical","09-18-2018",1000,2,0,0,0,"University of Washington","OMOP5"
"95","person","gender_source_concept_id","No","psrn","clinical","09-18-2018",1000,1,0,0,0,"University of Washington","OMOP5"
"96","person","race_source_value","No","psrn","clinical","09-18-2018",1000,4,0,0,0,"University of Washington","OMOP5"
"97","person","race_source_concept_id","No","psrn","clinical","09-18-2018",1000,1,0,0,0,"University of Washington","OMOP5"
"98","person","ethnicity_source_value","No","psrn","clinical","09-18-2018",1000,3,0,0,0,"University of Washington","OMOP5"
"99","person","ethnicity_source_concept_id","No","psrn","clinical","09-18-2018",1000,1,0,0,0,"University of Washington","OMOP5"
"100","observation_period","observation_period_id","Yes","obsp","clinical","09-18-2018",1048,1048,0,0,0,"University of Washington","OMOP5"
"101","observation_period","person_id","Yes","obsp","clinical","09-18-2018",1048,1000,0,0,0,"University of Washington","OMOP5"
"102","observation_period","observation_period_start_date","Yes","obsp","clinical","09-18-2018",1048,3,0,0,0,"University of Washington","OMOP5"
"103","observation_period","observation_period_end_date","Yes","obsp","clinical","09-18-2018",1048,48,0,0,0,"University of Washington","OMOP5"
"104","observation_period","period_type_concept_id","Yes","obsp","clinical","09-18-2018",1048,1,0,0,0,"University of Washington","OMOP5"
"120","death","person_id","Yes","deth","clinical","09-18-2018",45,45,0,0,0,"University of Washington","OMOP5"
"121","death","death_date","Yes","deth","clinical","09-18-2018",45,30,0,0,0,"University of Washington","OMOP5"
"122","death","death_type_concept_id","Yes","deth","clinical","09-18-2018",45,2,0,0,0,"University of Washington","OMOP5"
"123","death","cause_concept_id","No","deth","clinical","09-18-2018",45,2,0,0,0,"University of Washington","OMOP5"
"124","death","cause_source_value","No","deth","clinical","09-18-2018",45,1,0,0,0,"University of Washington","OMOP5"
"125","death","cause_source_concept_id","No","deth","clinical","09-18-2018",45,2,0,0,0,"University of Washington","OMOP5"
"126","visit_occurrence","visit_occurrence_id","Yes","vsto","clinical","09-18-2018",47457,47457,0,0,0,"University of Washington","OMOP5"
"127","visit_occurrence","person_id","Yes","vsto","clinical","09-18-2018",47457,842,0,0,0,"University of Washington","OMOP5"
"128","visit_occurrence","visit_concept_id","Yes","vsto","clinical","09-18-2018",47457,3,0,0,0,"University of Washington","OMOP5"
"129","visit_occurrence","visit_start_date","Yes","vsto","clinical","09-18-2018",47457,1096,0,0,0,"University of Washington","OMOP5"
"130","visit_occurrence","visit_start_time","No","vsto","clinical","09-18-2018",0,0,0,0,NA,"University of Washington","OMOP5"
"131","visit_occurrence","visit_end_date","Yes","vsto","clinical","09-18-2018",47457,1096,0,0,0,"University of Washington","OMOP5"
"132","visit_occurrence","visit_end_time","No","vsto","clinical","09-18-2018",0,0,0,0,NA,"University of Washington","OMOP5"
"133","visit_occurrence","visit_type_concept_id","Yes","vsto","clinical","09-18-2018",47457,1,0,0,0,"University of Washington","OMOP5"
"134","visit_occurrence","provider_id","No","vsto","clinical","09-18-2018",47457,34140,0,0,0,"University of Washington","OMOP5"
"135","visit_occurrence","care_site_id","No","vsto","clinical","09-18-2018",47457,20713,0,0,0,"University of Washington","OMOP5"
"136","visit_occurrence","visit_source_value","No","vsto","clinical","09-18-2018",47457,47457,0,0,0,"University of Washington","OMOP5"
"137","visit_occurrence","visit_source_concept_id","No","vsto","clinical","09-18-2018",47457,1,0,0,0,"University of Washington","OMOP5"
"138","procedure_occurrence","procedure_occurrence_id","Yes","prco","clinical","09-18-2018",62189,62189,0,0,0,"University of Washington","OMOP5"
"139","procedure_occurrence","person_id","Yes","prco","clinical","09-18-2018",62189,835,0,0,0,"University of Washington","OMOP5"
"140","procedure_occurrence","procedure_concept_id","Yes","prco","clinical","09-18-2018",62189,1831,0,0,0,"University of Washington","OMOP5"
"141","procedure_occurrence","procedure_date","Yes","prco","clinical","09-18-2018",62189,1096,0,0,0,"University of Washington","OMOP5"
"142","procedure_occurrence","procedure_type_concept_id","Yes","prco","clinical","09-18-2018",62189,63,0,0,0,"University of Washington","OMOP5"
"143","procedure_occurrence","modifier_concept_id","No","prco","clinical","09-18-2018",62189,1,0,0,0,"University of Washington","OMOP5"
"144","procedure_occurrence","quantity","No","prco","clinical","09-18-2018",62189,0,0,0,0,"University of Washington","OMOP5"
"145","procedure_occurrence","provider_id","No","prco","clinical","09-18-2018",62189,28959,0,0,0,"University of Washington","OMOP5"
"146","procedure_occurrence","visit_occurrence_id","No","prco","clinical","09-18-2018",62189,39062,0,0,0,"University of Washington","OMOP5"
"147","procedure_occurrence","procedure_source_value","No","prco","clinical","09-18-2018",62189,1831,0,0,0,"University of Washington","OMOP5"
"148","procedure_occurrence","procedure_source_concept_id","No","prco","clinical","09-18-2018",62189,1831,0,0,0,"University of Washington","OMOP5"
"149","procedure_occurrence","qualifier_source_value","No","prco","clinical","09-18-2018",0,0,0,0,NA,"University of Washington","OMOP5"
"150","drug_exposure","drug_exposure_id","Yes","drge","clinical","09-18-2018",49542,49542,0,0,0,"University of Washington","OMOP5"
"151","drug_exposure","person_id","Yes","drge","clinical","09-18-2018",49542,873,0,0,0,"University of Washington","OMOP5"
"152","drug_exposure","drug_concept_id","Yes","drge","clinical","09-18-2018",49542,7608,0,0,0,"University of Washington","OMOP5"
"153","drug_exposure","drug_exposure_start_date","Yes","drge","clinical","09-18-2018",49542,1096,0,0,0,"University of Washington","OMOP5"
"154","drug_exposure","drug_exposure_end_date","No","drge","clinical","09-18-2018",49542,1096,0,0,0,"University of Washington","OMOP5"
"155","drug_exposure","drug_type_concept_id","Yes","drge","clinical","09-18-2018",49542,2,0,0,0,"University of Washington","OMOP5"
"156","drug_exposure","stop_reason","No","drge","clinical","09-18-2018",49542,0,0,0,0,"University of Washington","OMOP5"
"157","drug_exposure","refills","No","drge","clinical","09-18-2018",49542,0,0,0,0,"University of Washington","OMOP5"
"158","drug_exposure","quantity","No","drge","clinical","09-18-2018",49542,35,0,0,0,"University of Washington","OMOP5"
"159","drug_exposure","days_supply","No","drge","clinical","09-18-2018",49542,10,0,0,0,"University of Washington","OMOP5"
"160","drug_exposure","sig","No","drge","clinical","09-18-2018",49542,0,0,0,0,"University of Washington","OMOP5"
"161","drug_exposure","route_concept_id","No","drge","clinical","09-18-2018",49542,0,0,0,0,"University of Washington","OMOP5"
"162","drug_exposure","effective_drug_dose","No","drge","clinical","09-18-2018",0,0,0,0,NA,"University of Washington","OMOP5"
"163","drug_exposure","dose_unit_concept_ id","No","drge","clinical","09-18-2018",0,0,0,0,NA,"University of Washington","OMOP5"
"164","drug_exposure","lot_number","No","drge","clinical","09-18-2018",49542,0,0,0,0,"University of Washington","OMOP5"
"165","drug_exposure","provider_id","No","drge","clinical","09-18-2018",49542,1755,0,0,0,"University of Washington","OMOP5"
"166","drug_exposure","visit_occurrence_id","No","drge","clinical","09-18-2018",49542,1932,0,0,0,"University of Washington","OMOP5"
"167","drug_exposure","drug_source_value","No","drge","clinical","09-18-2018",49542,40087,0,0,0,"University of Washington","OMOP5"
"168","drug_exposure","drug_source_concept_id","No","drge","clinical","09-18-2018",49542,40087,0,0,0,"University of Washington","OMOP5"
"169","drug_exposure","route_source_value","No","drge","clinical","09-18-2018",49542,0,0,0,0,"University of Washington","OMOP5"
"170","drug_exposure","dose_unit_source_value","No","drge","clinical","09-18-2018",49542,0,0,0,0,"University of Washington","OMOP5"
"171","device_exposure","device_exposure_id","Yes","dvce","clinical","09-18-2018",1622,1622,0,0,0,"University of Washington","OMOP5"
"172","device_exposure","person_id","Yes","dvce","clinical","09-18-2018",1622,416,0,0,0,"University of Washington","OMOP5"
"173","device_exposure","device_concept_id","Yes","dvce","clinical","09-18-2018",1622,158,0,0,0,"University of Washington","OMOP5"
"174","device_exposure","device_exposure_start_date","Yes","dvce","clinical","09-18-2018",1622,582,0,0,0,"University of Washington","OMOP5"
"175","device_exposure","device_exposure_end_date","No","dvce","clinical","09-18-2018",1622,576,0,0,0,"University of Washington","OMOP5"
"176","device_exposure","device_type_concept_id","Yes","dvce","clinical","09-18-2018",1622,1,0,0,0,"University of Washington","OMOP5"
"177","device_exposure","unique_device_id","No","dvce","clinical","09-18-2018",1622,0,0,0,0,"University of Washington","OMOP5"
"178","device_exposure","quantity","No","dvce","clinical","09-18-2018",1622,0,0,0,0,"University of Washington","OMOP5"
"179","device_exposure","provider_id","No","dvce","clinical","09-18-2018",1622,807,0,0,0,"University of Washington","OMOP5"
"180","device_exposure","visit_occurrence_id","No","dvce","clinical","09-18-2018",1622,856,0,0,0,"University of Washington","OMOP5"
"181","device_exposure","device_source_value","No","dvce","clinical","09-18-2018",1622,158,0,0,0,"University of Washington","OMOP5"
"182","device_exposure","device_source_ concept_id","No","dvce","clinical","09-18-2018",0,0,0,0,NA,"University of Washington","OMOP5"
"183","condition_occurrence","condition_occurrence_id","Yes","cndo","clinical","09-18-2018",160322,160322,0,0,0,"University of Washington","OMOP5"
"184","condition_occurrence","person_id","Yes","cndo","clinical","09-18-2018",160322,836,0,0,0,"University of Washington","OMOP5"
"185","condition_occurrence","condition_concept_id","Yes","cndo","clinical","09-18-2018",160322,5628,0,0,0,"University of Washington","OMOP5"
"186","condition_occurrence","condition_start_date","Yes","cndo","clinical","09-18-2018",160322,1096,0,0,0,"University of Washington","OMOP5"
"187","condition_occurrence","condition_end_date","No","cndo","clinical","09-18-2018",160322,1096,0,0,0,"University of Washington","OMOP5"
"188","condition_occurrence","condition_type_concept_id","Yes","cndo","clinical","09-18-2018",160322,43,0,0,0,"University of Washington","OMOP5"
"189","condition_occurrence","stop_reason","No","cndo","clinical","09-18-2018",160322,0,0,0,0,"University of Washington","OMOP5"
"190","condition_occurrence","provider_id","No","cndo","clinical","09-18-2018",160322,30207,0,0,0,"University of Washington","OMOP5"
"191","condition_occurrence","visit_occurrence_id","No","cndo","clinical","09-18-2018",160322,44526,0,0,0,"University of Washington","OMOP5"
"192","condition_occurrence","condition_source_value","No","cndo","clinical","09-18-2018",160322,6733,0,0,0,"University of Washington","OMOP5"
"193","condition_occurrence","condition_source_concept_id","No","cndo","clinical","09-18-2018",160322,6733,0,0,0,"University of Washington","OMOP5"
"194","measurement","measurement_id","Yes","msrm","clinical","09-18-2018",2858,2858,0,0,0,"University of Washington","OMOP5"
"195","measurement","person_id","Yes","msrm","clinical","09-18-2018",2858,672,0,0,0,"University of Washington","OMOP5"
"196","measurement","measurement_concept_id","Yes","msrm","clinical","09-18-2018",2858,128,0,0,0,"University of Washington","OMOP5"
"197","measurement","measurement_date","Yes","msrm","clinical","09-18-2018",2858,964,0,0,0,"University of Washington","OMOP5"
"198","measurement","measurement_time","No","msrm","clinical","09-18-2018",2858,0,0,0,0,"University of Washington","OMOP5"
"199","measurement","measurement_type_concept_id","Yes","msrm","clinical","09-18-2018",2858,1,0,0,0,"University of Washington","OMOP5"
"200","measurement","operator_concept_id","No","msrm","clinical","09-18-2018",2858,1,0,0,0,"University of Washington","OMOP5"
"201","measurement","value_as_number","No","msrm","clinical","09-18-2018",2858,0,0,0,0,"University of Washington","OMOP5"
"202","measurement","value_as_concept_id","No","msrm","clinical","09-18-2018",2858,1,0,0,0,"University of Washington","OMOP5"
"203","measurement","unit_concept_id","No","msrm","clinical","09-18-2018",2858,1,0,0,0,"University of Washington","OMOP5"
"204","measurement","range_low","No","msrm","clinical","09-18-2018",2858,1,0,0,0,"University of Washington","OMOP5"
"205","measurement","range_high","No","msrm","clinical","09-18-2018",2858,1,0,0,0,"University of Washington","OMOP5"
"206","measurement","provider_id","No","msrm","clinical","09-18-2018",2858,777,0,0,0,"University of Washington","OMOP5"
"207","measurement","visit_occurrence_id","No","msrm","clinical","09-18-2018",2858,0,0,0,0,"University of Washington","OMOP5"
"208","measurement","measurement_source_value","No","msrm","clinical","09-18-2018",2858,168,0,0,0,"University of Washington","OMOP5"
"209","measurement","measurement_source_concept_id","No","msrm","clinical","09-18-2018",2858,168,0,0,0,"University of Washington","OMOP5"
"210","measurement","unit_source_value","No","msrm","clinical","09-18-2018",2858,0,0,0,0,"University of Washington","OMOP5"
"211","measurement","value_source_value","No","msrm","clinical","09-18-2018",2858,0,0,0,0,"University of Washington","OMOP5"
"221","observation","observation_id","Yes","obsr","clinical","09-18-2018",13481,13481,0,0,0,"University of Washington","OMOP5"
"222","observation","person_id","Yes","obsr","clinical","09-18-2018",13481,793,0,0,0,"University of Washington","OMOP5"
"223","observation","observation_concept_id","Yes","obsr","clinical","09-18-2018",13481,779,0,0,0,"University of Washington","OMOP5"
"224","observation","observation_date","Yes","obsr","clinical","09-18-2018",13481,1093,0,0,0,"University of Washington","OMOP5"
"225","observation","observation_time","No","obsr","clinical","09-18-2018",0,0,0,0,NA,"University of Washington","OMOP5"
"226","observation","observation_type_concept_id","Yes","obsr","clinical","09-18-2018",13481,1,0,0,0,"University of Washington","OMOP5"
"227","observation","value_as_number","No","obsr","clinical","09-18-2018",13481,0,0,0,0,"University of Washington","OMOP5"
"228","observation","value_as_string","No","obsr","clinical","09-18-2018",13481,0,0,0,0,"University of Washington","OMOP5"
"229","observation","value_as_concept_id","No","obsr","clinical","09-18-2018",13481,1,0,0,0,"University of Washington","OMOP5"
"230","observation","qualifier_concept_id","No","obsr","clinical","09-18-2018",13481,1,0,0,0,"University of Washington","OMOP5"
"231","observation","unit_concept_id","No","obsr","clinical","09-18-2018",13481,1,0,0,0,"University of Washington","OMOP5"
"232","observation","provider_id","No","obsr","clinical","09-18-2018",13481,3523,0,0,0,"University of Washington","OMOP5"
"233","observation","visit_occurrence_id","No","obsr","clinical","09-18-2018",13481,10991,0,0,0,"University of Washington","OMOP5"
"234","observation","observation_source_value","No","obsr","clinical","09-18-2018",13481,1134,0,0,0,"University of Washington","OMOP5"
"235","observation","observation_source_concept_id","No","obsr","clinical","09-18-2018",13481,1134,0,0,0,"University of Washington","OMOP5"
"236","observation","unit_source_value","No","obsr","clinical","09-18-2018",13481,0,0,0,0,"University of Washington","OMOP5"
"237","observation","qualifier_source_value","No","obsr","clinical","09-18-2018",13481,0,0,0,0,"University of Washington","OMOP5"
"243","location","location_id","Yes","loct","health_system","09-18-2018",626,626,0,0,0,"University of Washington","OMOP5"
"244","location","address_1","No","loct","health_system","09-18-2018",626,0,0,0,0,"University of Washington","OMOP5"
"245","location","address_2","No","loct","health_system","09-18-2018",626,0,0,0,0,"University of Washington","OMOP5"
"246","location","city","No","loct","health_system","09-18-2018",626,0,0,0,0,"University of Washington","OMOP5"
"247","location","state","No","loct","health_system","09-18-2018",626,51,0,0,0,"University of Washington","OMOP5"
"248","location","zip","No","loct","health_system","09-18-2018",626,0,0,0,0,"University of Washington","OMOP5"
"249","location","county","No","loct","health_system","09-18-2018",626,494,0,0,0,"University of Washington","OMOP5"
"250","location","location_source_value","No","loct","health_system","09-18-2018",626,626,0,0,0,"University of Washington","OMOP5"
"251","care_site","care_site_id","Yes","cars","health_system","09-18-2018",20748,20748,0,0,0,"University of Washington","OMOP5"
"252","care_site","care_site_name","No","cars","health_system","09-18-2018",20748,0,0,0,0,"University of Washington","OMOP5"
"253","care_site","place_of_service_concept_id","No","cars","health_system","09-18-2018",20748,3,0,0,0,"University of Washington","OMOP5"
"254","care_site","location_id","No","cars","health_system","09-18-2018",20748,0,0,0,0,"University of Washington","OMOP5"
"255","care_site","care_site_source_value","No","cars","health_system","09-18-2018",20748,20748,0,0,0,"University of Washington","OMOP5"
"256","care_site","place_of_service_source_value","No","cars","health_system","09-18-2018",20748,3,0,0,0,"University of Washington","OMOP5"
"257","provider","provider_id","Yes","prvd","health_system","09-18-2018",35384,35384,0,0,0,"University of Washington","OMOP5"
"258","provider","provider_name","No","prvd","health_system","09-18-2018",35384,0,0,0,0,"University of Washington","OMOP5"
"259","provider","npi","No","prvd","health_system","09-18-2018",35384,35384,0,0,0,"University of Washington","OMOP5"
"260","provider","dea","No","prvd","health_system","09-18-2018",35384,0,0,0,0,"University of Washington","OMOP5"
"261","provider","specialty_concept_id","No","prvd","health_system","09-18-2018",35384,0,0,0,0,"University of Washington","OMOP5"
"262","provider","care_site_id","No","prvd","health_system","09-18-2018",35384,20452,0,0,0,"University of Washington","OMOP5"
"263","provider","year_of_birth","No","prvd","health_system","09-18-2018",35384,0,0,0,0,"University of Washington","OMOP5"
"264","provider","gender_concept_id","No","prvd","health_system","09-18-2018",35384,0,0,0,0,"University of Washington","OMOP5"
"265","provider","provider_source_value","No","prvd","health_system","09-18-2018",35384,0,0,0,0,"University of Washington","OMOP5"
"266","provider","specialty_source_value","No","prvd","health_system","09-18-2018",35384,0,0,0,0,"University of Washington","OMOP5"
"267","provider","specialty_source_concept_id","No","prvd","health_system","09-18-2018",35384,0,0,0,0,"University of Washington","OMOP5"
"268","provider","gender_source_value","No","prvd","health_system","09-18-2018",35384,0,0,0,0,"University of Washington","OMOP5"
"269","provider","gender_source_concept_id","No","prvd","health_system","09-18-2018",35384,0,0,0,0,"University of Washington","OMOP5"
"337","drug_era","drug_era_id","Yes","drge","derived_element","09-18-2018",52714,52714,0,0,0,"University of Washington","OMOP5"
"338","drug_era","person_id","Yes","drge","derived_element","09-18-2018",52714,873,0,0,0,"University of Washington","OMOP5"
"339","drug_era","drug_concept_id","Yes","drge","derived_element","09-18-2018",52714,1753,0,0,0,"University of Washington","OMOP5"
"340","drug_era","drug_era_start_date","Yes","drge","derived_element","09-18-2018",52714,1096,0,0,0,"University of Washington","OMOP5"
"341","drug_era","drug_era_end_date","Yes","drge","derived_element","09-18-2018",52714,1167,0,0,0,"University of Washington","OMOP5"
"342","drug_era","drug_exposure_count","No","drge","derived_element","09-18-2018",52714,7,0,0,0,"University of Washington","OMOP5"
"343","drug_era","gap_days","No","drge","derived_element","09-18-2018",52714,1,0,0,0,"University of Washington","OMOP5"
"351","condition_era","condition_era_id","Yes","cnde","derived_element","09-18-2018",121386,121386,0,0,0,"University of Washington","OMOP5"
"352","condition_era","person_id","Yes","cnde","derived_element","09-18-2018",121386,836,0,0,0,"University of Washington","OMOP5"
"353","condition_era","condition_concept_id","Yes","cnde","derived_element","09-18-2018",121386,5628,0,0,0,"University of Washington","OMOP5"
"354","condition_era","condition_era_start_date","Yes","cnde","derived_element","09-18-2018",121386,1096,0,0,0,"University of Washington","OMOP5"
"355","condition_era","condition_era_end_date","Yes","cnde","derived_element","09-18-2018",121386,1096,0,0,0,"University of Washington","OMOP5"
"356","condition_era","condition_occurrence_count","No","cnde","derived_element","09-18-2018",121386,17,0,0,0,"University of Washington","OMOP5"
