"","TabNam","ColNam","UNIQFRQ","Index"
"82","person","person_id",1000,"Reference"
"90","person","location_id",626,"Count_In"
"92","person","care_site_id",0,"Count_In"
"101","observation_period","person_id",1000,"Count_In"
"120","death","person_id",45,"Count_In"
"126","visit_occurrence","visit_occurrence_id",47457,"Reference"
"127","visit_occurrence","person_id",842,"Count_In"
"135","visit_occurrence","care_site_id",20713,"Count_In"
"139","procedure_occurrence","person_id",835,"Count_In"
"146","procedure_occurrence","visit_occurrence_id",39062,"Count_In"
"151","drug_exposure","person_id",873,"Count_In"
"166","drug_exposure","visit_occurrence_id",1932,"Count_In"
"172","device_exposure","person_id",416,"Count_In"
"180","device_exposure","visit_occurrence_id",856,"Count_In"
"184","condition_occurrence","person_id",836,"Count_In"
"191","condition_occurrence","visit_occurrence_id",44526,"Count_In"
"195","measurement","person_id",672,"Count_In"
"207","measurement","visit_occurrence_id",0,"Count_In"
"222","observation","person_id",793,"Count_In"
"233","observation","visit_occurrence_id",10991,"Count_In"
"243","location","location_id",626,"Reference"
"251","care_site","care_site_id",20748,"Reference"
"254","care_site","location_id",0,"Count_In"
"262","provider","care_site_id",20452,"Count_In"
"338","drug_era","person_id",873,"Count_In"
"352","condition_era","person_id",836,"Count_In"
"901","person","location_id",0,"Count_Out"
"921","person","care_site_id",0,"Count_Out"
"1011","observation_period","person_id",0,"Count_Out"
"1201","death","person_id",0,"Count_Out"
"1271","visit_occurrence","person_id",0,"Count_Out"
"1351","visit_occurrence","care_site_id",0,"Count_Out"
"1391","procedure_occurrence","person_id",0,"Count_Out"
"1461","procedure_occurrence","visit_occurrence_id",0,"Count_Out"
"1511","drug_exposure","person_id",0,"Count_Out"
"1661","drug_exposure","visit_occurrence_id",0,"Count_Out"
"1721","device_exposure","person_id",0,"Count_Out"
"1801","device_exposure","visit_occurrence_id",0,"Count_Out"
"1841","condition_occurrence","person_id",0,"Count_Out"
"1911","condition_occurrence","visit_occurrence_id",0,"Count_Out"
"1951","measurement","person_id",0,"Count_Out"
"2071","measurement","visit_occurrence_id",0,"Count_Out"
"2221","observation","person_id",0,"Count_Out"
"2331","observation","visit_occurrence_id",0,"Count_Out"
"2541","care_site","location_id",0,"Count_Out"
"2621","provider","care_site_id",0,"Count_Out"
"3381","drug_era","person_id",0,"Count_Out"
"3521","condition_era","person_id",0,"Count_Out"
