"","X","TabNam","ColNam","DQLVL","abbr","cat","test_date","FRQ","UNIQFRQ","MS1_FRQ","MS2_FRQ","MSs_PERC","organization","CDM"
"1",82,"person","person_id","X","psrn","clinical","09-18-2018",1000,1000,0,0,0,"University of Washington","OMOP5"
"2",126,"visit_occurrence","visit_occurrence_id","Yes","vsto","clinical","09-18-2018",47457,47457,0,0,0,"University of Washington","OMOP5"
"3",138,"procedure_occurrence","procedure_occurrence_id","Yes","prco","clinical","09-18-2018",62189,62189,0,0,0,"University of Washington","OMOP5"
"4",183,"condition_occurrence","condition_occurrence_id","Yes","cndo","clinical","09-18-2018",160322,160322,0,0,0,"University of Washington","OMOP5"
"5",194,"measurement","measurement_id","Yes","msrm","clinical","09-18-2018",2858,2858,0,0,0,"University of Washington","OMOP5"
"6",221,"observation","observation_id","Yes","obsr","clinical","09-18-2018",13481,13481,0,0,0,"University of Washington","OMOP5"
"7",82,"person","person_id","X","psrn","clinical","09-27-2018",1000,1000,0,0,0,"University of Washington","OMOP5"
"8",126,"visit_occurrence","visit_occurrence_id","Yes","vsto","clinical","09-27-2018",47457,47457,0,0,0,"University of Washington","OMOP5"
"9",138,"procedure_occurrence","procedure_occurrence_id","Yes","prco","clinical","09-27-2018",62189,62189,0,0,0,"University of Washington","OMOP5"
"10",183,"condition_occurrence","condition_occurrence_id","Yes","cndo","clinical","09-27-2018",160322,160322,0,0,0,"University of Washington","OMOP5"
"11",194,"measurement","measurement_id","Yes","msrm","clinical","09-27-2018",2858,2858,0,0,0,"University of Washington","OMOP5"
"12",221,"observation","observation_id","Yes","obsr","clinical","09-27-2018",13481,13481,0,0,0,"University of Washington","OMOP5"
