"","CDM_Tables","table_catalog","table_schema","Repo_Tables","table_type","self_referencing_column_name","reference_generation","user_defined_type_catalog","user_defined_type_schema","user_defined_name","Rows","TotalSizeKB","loaded","available","index"
"1","attribute_definition","mycdm","cmsdesynpuf1k","attribute_definition","BASE TABLE",NA,NA,NA,NA,NA,NA,NA,"Yes","No",1
"2","care_site","mycdm","cmsdesynpuf1k","care_site","BASE TABLE",NA,NA,NA,NA,NA,20748,27000,"Yes","Yes",1
"3","cdm_source","mycdm","cmsdesynpuf1k","cdm_source","BASE TABLE",NA,NA,NA,NA,NA,NA,NA,"Yes","No",1
"4","cohort","mycdm","cmsdesynpuf1k","cohort","BASE TABLE",NA,NA,NA,NA,NA,NA,NA,"Yes","No",1
"5","cohort_attribute","mycdm","cmsdesynpuf1k","cohort_attribute","BASE TABLE",NA,NA,NA,NA,NA,NA,NA,"Yes","No",1
"6","cohort_definition","mycdm","cmsdesynpuf1k","cohort_definition","BASE TABLE",NA,NA,NA,NA,NA,NA,NA,"Yes","No",1
"7","concept","mycdm","cmsdesynpuf1k","concept","BASE TABLE",NA,NA,NA,NA,NA,4733057,618000,"Yes","Yes",1
"8","concept_ancestor","mycdm","cmsdesynpuf1k","concept_ancestor","BASE TABLE",NA,NA,NA,NA,NA,122999501,5886000,"Yes","Yes",1
"9","concept_class","mycdm","cmsdesynpuf1k","concept_class","BASE TABLE",NA,NA,NA,NA,NA,312,18000,"Yes","Yes",1
"10","concept_relationship","mycdm","cmsdesynpuf1k","concept_relationship","BASE TABLE",NA,NA,NA,NA,NA,30872886,1578000,"Yes","Yes",1
"11","concept_synonym","mycdm","cmsdesynpuf1k","concept_synonym","BASE TABLE",NA,NA,NA,NA,NA,6301515,837000,"Yes","Yes",1
"12","condition_era","mycdm","cmsdesynpuf1k","condition_era","BASE TABLE",NA,NA,NA,NA,NA,121386,54000,"Yes","Yes",1
"13","condition_occurrence","mycdm","cmsdesynpuf1k","condition_occurrence","BASE TABLE",NA,NA,NA,NA,NA,160322,114000,"Yes","Yes",1
"14","death","mycdm","cmsdesynpuf1k","death","BASE TABLE",NA,NA,NA,NA,NA,45,60000,"Yes","Yes",1
"15","device_cost",NA,NA,NA,NA,NA,NA,NA,NA,NA,NA,NA,"No","No",1
"16","device_exposure","mycdm","cmsdesynpuf1k","device_exposure","BASE TABLE",NA,NA,NA,NA,NA,1622,108000,"Yes","Yes",1
"17","domain","mycdm","cmsdesynpuf1k","domain","BASE TABLE",NA,NA,NA,NA,NA,39,18000,"Yes","Yes",1
"18","dose_era","mycdm","cmsdesynpuf1k","dose_era","BASE TABLE",NA,NA,NA,NA,NA,NA,NA,"Yes","No",1
"19","drug_cost",NA,NA,NA,NA,NA,NA,NA,NA,NA,NA,NA,"No","No",1
"20","drug_era","mycdm","cmsdesynpuf1k","drug_era","BASE TABLE",NA,NA,NA,NA,NA,52714,60000,"Yes","Yes",1
"21","drug_exposure","mycdm","cmsdesynpuf1k","drug_exposure","BASE TABLE",NA,NA,NA,NA,NA,49542,156000,"Yes","Yes",1
"22","drug_strength","mycdm","cmsdesynpuf1k","drug_strength","BASE TABLE",NA,NA,NA,NA,NA,NA,NA,"Yes","No",1
"23","fact_relationship","mycdm","cmsdesynpuf1k","fact_relationship","BASE TABLE",NA,NA,NA,NA,NA,NA,NA,"Yes","No",1
"24","location","mycdm","cmsdesynpuf1k","location","BASE TABLE",NA,NA,NA,NA,NA,626,33000,"Yes","Yes",1
"25","measurement","mycdm","cmsdesynpuf1k","measurement","BASE TABLE",NA,NA,NA,NA,NA,2858,138000,"Yes","Yes",1
"26","note","mycdm","cmsdesynpuf1k","note","BASE TABLE",NA,NA,NA,NA,NA,NA,NA,"Yes","No",1
"27","observation","mycdm","cmsdesynpuf1k","observation","BASE TABLE",NA,NA,NA,NA,NA,13481,126000,"Yes","Yes",1
"28","observation_period","mycdm","cmsdesynpuf1k","observation_period","BASE TABLE",NA,NA,NA,NA,NA,1048,48000,"Yes","Yes",1
"29","payer_plan_period","mycdm","cmsdesynpuf1k","payer_plan_period","BASE TABLE",NA,NA,NA,NA,NA,NA,NA,"Yes","No",1
"30","person","mycdm","cmsdesynpuf1k","person","BASE TABLE",NA,NA,NA,NA,NA,1000,126000,"Yes","Yes",1
"31","procedure_cost",NA,NA,NA,NA,NA,NA,NA,NA,NA,NA,NA,"No","No",1
"32","procedure_occurrence","mycdm","cmsdesynpuf1k","procedure_occurrence","BASE TABLE",NA,NA,NA,NA,NA,62189,102000,"Yes","Yes",1
"33","provider","mycdm","cmsdesynpuf1k","provider","BASE TABLE",NA,NA,NA,NA,NA,35384,48000,"Yes","Yes",1
"34","relationship","mycdm","cmsdesynpuf1k","relationship","BASE TABLE",NA,NA,NA,NA,NA,426,27000,"Yes","Yes",1
"35","source_to_concept_map","mycdm","cmsdesynpuf1k","source_to_concept_map","BASE TABLE",NA,NA,NA,NA,NA,NA,NA,"Yes","No",1
"36","specimen","mycdm","cmsdesynpuf1k","specimen","BASE TABLE",NA,NA,NA,NA,NA,NA,NA,"Yes","No",1
"37","visit_cost",NA,NA,NA,NA,NA,NA,NA,NA,NA,NA,NA,"No","No",1
"38","visit_occurrence","mycdm","cmsdesynpuf1k","visit_occurrence","BASE TABLE",NA,NA,NA,NA,NA,47457,120000,"Yes","Yes",1
"39","vocabulary","mycdm","cmsdesynpuf1k","vocabulary","BASE TABLE",NA,NA,NA,NA,NA,58,24000,"Yes","Yes",1
