"","CDM_Tables","Repo_Tables","table_name","table_type","self_referencing_column_name","reference_generation","user_defined_type_catalog","user_defined_type_schema","user_defined_name","Repo_Tables2","Rows","TotalSizeKB","loaded","available","index"
"1","attribute_definition",NA,NA,NA,NA,NA,NA,NA,NA,NA,NA,NA,"No","No",1
"2","care_site",NA,NA,NA,NA,NA,NA,NA,NA,NA,NA,NA,"No","No",1
"3","cdm_source",NA,NA,NA,NA,NA,NA,NA,NA,NA,NA,NA,"No","No",1
"4","cohort",NA,NA,NA,NA,NA,NA,NA,NA,NA,NA,NA,"No","No",1
"5","cohort_attribute",NA,NA,NA,NA,NA,NA,NA,NA,NA,NA,NA,"No","No",1
"6","cohort_definition",NA,NA,NA,NA,NA,NA,NA,NA,NA,NA,NA,"No","No",1
"7","concept",NA,NA,NA,NA,NA,NA,NA,NA,NA,NA,NA,"No","No",1
"8","concept_ancestor",NA,NA,NA,NA,NA,NA,NA,NA,NA,NA,NA,"No","No",1
"9","concept_class",NA,NA,NA,NA,NA,NA,NA,NA,NA,NA,NA,"No","No",1
"10","concept_relationship",NA,NA,NA,NA,NA,NA,NA,NA,NA,NA,NA,"No","No",1
"11","concept_synonym",NA,NA,NA,NA,NA,NA,NA,NA,NA,NA,NA,"No","No",1
"12","condition_era",NA,NA,NA,NA,NA,NA,NA,NA,NA,NA,NA,"No","No",1
"13","condition_occurrence",NA,NA,NA,NA,NA,NA,NA,NA,NA,NA,NA,"No","No",1
"14","death",NA,NA,NA,NA,NA,NA,NA,NA,NA,NA,NA,"No","No",1
"15","device_cost",NA,NA,NA,NA,NA,NA,NA,NA,NA,NA,NA,"No","No",1
"16","device_exposure",NA,NA,NA,NA,NA,NA,NA,NA,NA,NA,NA,"No","No",1
"17","domain",NA,NA,NA,NA,NA,NA,NA,NA,NA,NA,NA,"No","No",1
"18","dose_era",NA,NA,NA,NA,NA,NA,NA,NA,NA,NA,NA,"No","No",1
"19","drug_cost",NA,NA,NA,NA,NA,NA,NA,NA,NA,NA,NA,"No","No",1
"20","drug_era",NA,NA,NA,NA,NA,NA,NA,NA,NA,NA,NA,"No","No",1
"21","drug_exposure",NA,NA,NA,NA,NA,NA,NA,NA,NA,NA,NA,"No","No",1
"22","drug_strength",NA,NA,NA,NA,NA,NA,NA,NA,NA,NA,NA,"No","No",1
"23","fact_relationship",NA,NA,NA,NA,NA,NA,NA,NA,NA,NA,NA,"No","No",1
"24","location",NA,NA,NA,NA,NA,NA,NA,NA,NA,NA,NA,"No","No",1
"25","measurement",NA,NA,NA,NA,NA,NA,NA,NA,NA,NA,NA,"No","No",1
"26","note",NA,NA,NA,NA,NA,NA,NA,NA,NA,NA,NA,"No","No",1
"27","observation",NA,NA,NA,NA,NA,NA,NA,NA,NA,NA,NA,"No","No",1
"28","observation_period",NA,NA,NA,NA,NA,NA,NA,NA,NA,NA,NA,"No","No",1
"29","payer_plan_period",NA,NA,NA,NA,NA,NA,NA,NA,NA,NA,NA,"No","No",1
"30","person",NA,NA,NA,NA,NA,NA,NA,NA,NA,NA,NA,"No","No",1
"31","procedure_cost",NA,NA,NA,NA,NA,NA,NA,NA,NA,NA,NA,"No","No",1
"32","procedure_occurrence",NA,NA,NA,NA,NA,NA,NA,NA,NA,NA,NA,"No","No",1
"33","provider",NA,NA,NA,NA,NA,NA,NA,NA,NA,NA,NA,"No","No",1
"34","relationship",NA,NA,NA,NA,NA,NA,NA,NA,NA,NA,NA,"No","No",1
"35","source_to_concept_map",NA,NA,NA,NA,NA,NA,NA,NA,NA,NA,NA,"No","No",1
"36","specimen",NA,NA,NA,NA,NA,NA,NA,NA,NA,NA,NA,"No","No",1
"37","visit_cost",NA,NA,NA,NA,NA,NA,NA,NA,NA,NA,NA,"No","No",1
"38","visit_occurrence",NA,NA,NA,NA,NA,NA,NA,NA,NA,NA,NA,"No","No",1
"39","vocabulary",NA,NA,NA,NA,NA,NA,NA,NA,NA,NA,NA,"No","No",1
