"","group","missing.percentage","missing.population","denominator","perc","organization","test_date","CDM"
"1","encounter",15.8,842,1000,"15.80%","University of Washington","09-27-2018","OMOP5"
"2","Condition",23.6,236,1000,"23.60%","University of Washington","09-27-2018","OMOP5"
"3","Drug",94.8,948,1000,"94.80%","University of Washington","09-27-2018","OMOP5"
"4","ethnicity",5,50,1000,"5.00%","University of Washington","09-27-2018","OMOP5"
"5","race",6.7,67,1000,"6.70%","University of Washington","09-27-2018","OMOP5"
"6","gender",0,0,1000,"0.00%","University of Washington","09-27-2018","OMOP5"
"7","weight",100,1000,1000,"100.00%","University of Washington","09-27-2018","OMOP5"
"8","height",100,1000,1000,"100.00%","University of Washington","09-27-2018","OMOP5"
"9","blood_pressure",100,1000,1000,"100.00%","University of Washington","09-27-2018","OMOP5"
"10","smoking",100,1000,1000,"100.00%","University of Washington","09-27-2018","OMOP5"
